{"cameraMode":{"drawMode":0,"name":"Shaded","section":"Shading Mode"},"sceneLighting":true,"audioPlay":false,"sceneViewState":{"m_AlwaysRefresh":false,"showFog":true,"showSkybox":true,"showFlares":true,"showImageEffects":true,"showParticleSystems":true,"showVisualEffectGraphs":true,"m_FxEnabled":true},"in2DMode":false,"pivot":{"x":2.708920955657959,"y":1.3646903038024903,"z":-3.9887821674346926},"rotation":{"x":0.10355853289365769,"y":-0.856963574886322,"z":0.18966616690158845,"w":0.4679303765296936},"size":0.5002386569976807,"orthographic":false}